index,module,topic,color,feed,term,created,country,ratio,counter,pages,language,ipcc,continent
'6279d44f5f',extremes,Fog,#d60d2b,wmo,mist limburg,2026-09-12T07:19:00+00:00,Belgium,0.5173387617081585,7,1,nl,WCE,Europe
'2bb3d20abc',extremes,Fog,#d60d2b,meteo,mist belgië,2026-09-12T07:19:00+00:00,Belgium,0.4755149552674786,5,1,nl,WCE,Europe
'053bb10e09',extremes,Heat Wave,#c40202,random,nazomer,2026-08-30T08:29:00+00:00,,0.4697955824321737,2,2,nl,,
'77ad77fbfe',extremes,Fog,#d60d2b,wmo,mist namen,2026-09-12T07:19:00+00:00,Belgium,0.4514315214817079,3,1,nl,WCE,Europe
'5d1ed533b1',extremes,Precipitation,#d60d2b,wmo,regen noord holland,2026-08-31T08:51:00+00:00,Netherlands,0.4507021402111488,2,2,nl,NEU,Europe
'c320cdfabf',extremes,Thunderstorm,#53785a,wmo,zwaar weer limburg,2026-08-28T14:32:00+00:00,Belgium,0.4484435283078919,3,2,nl,WCE,Europe
'ea1c03418f',extremes,Snow&Ice,#d60d2b,random,natte sneeuw,2026-08-26T03:33:00+00:00,,0.4308847560021793,2,2,nl,,
'80462e91eb',extremes,Tropical Cyclone,#4f4f4f,random,cycloon,2026-09-01T07:57:00+00:00,,0.4263639199203328,2,2,nl,,
'9f0423d739',extremes,Drought,#edc291,random,droogte,2026-08-27T13:00:00+00:00,,0.4260390123627304,2,3,nl,,
'760a45a138',extremes,Storm,#b3b2b1,wmo,storm waddeneilanden,2026-09-04T07:23:00+00:00,Netherlands,0.4218655051494954,2,1,nl,NEU,Europe
'90fce750f8',extremes,Fog,#d60d2b,wmo,mist Henegouwen,2026-09-12T07:19:00+00:00,Belgium,0.3884945626824241,3,1,nl,WCE,Europe
'93171a11bc',extremes,Earthquake,#870007,usgs,aardbeving maumere,2026-09-07T07:29:00+00:00,Indonesia,0.3852245194220856,2,1,nl,SEA,Asia
'fa532c3ea4',extremes,Fog,#d60d2b,wmo,mist brabant,2026-09-12T07:19:00+00:00,Belgium,0.3851726075219019,4,1,nl,WCE,Europe
'fa1ad4c940',extremes,Fog,#d60d2b,wmo,mist oost-vlaanderen,2026-09-12T07:19:00+00:00,Belgium,0.3847543462892125,4,1,nl,WCE,Europe
'751eb90eff',extremes,Storm,#b3b2b1,wmo,stormvloed Texel,2026-09-04T07:23:00+00:00,Netherlands,0.3808506529847198,3,1,nl,NEU,Europe
'db3be3f429',extremes,Tropical Cyclone,#4f4f4f,eonet,tropische storm bang lang,2026-08-31T08:51:00+00:00,,0.3791503197844297,2,2,nl,NPO,Pacific Ocean
'f90601fa23',extremes,Volcano,#b83202,random,vulkaanuitbarsting,2026-09-04T07:23:00+00:00,,0.3738027995527497,2,1,nl,,
'62084daeb0',extremes,Earthquake,#870007,random,aardbeving,2026-09-05T07:04:00+00:00,,0.3736210014323479,2,3,nl,,
'e6d31a1970',extremes,Storm,#b3b2b1,wmo,storm harlingen,2026-09-09T07:32:00+00:00,Netherlands,0.3702485767082059,3,1,nl,NEU,Europe
'aa3c2a445f',extremes,Storm,#b3b2b1,wmo,stormvloedhaak van holland,2026-09-09T07:32:00+00:00,Netherlands,0.3663265989763532,3,1,nl,NEU,Europe
'a4a485a1e1',extremes,Storm,#b3b2b1,wmo,storm ijsselmeergebied,2026-09-04T07:23:00+00:00,Netherlands,0.364294918634711,3,1,nl,NEU,Europe
'9401c267f1',extremes,Storm,#b3b2b1,wmo,stormvloed waddenzee,2026-09-04T07:23:00+00:00,Netherlands,0.3597805703075829,3,1,nl,NEU,Europe
'1d8acd6268',extremes,Earthquake,#870007,aidr,aardbeving Sumatra Indonesië,2026-09-06T07:16:00+00:00,Indonesia,0.3594422091277838,3,1,nl,SEA,Asia
'69791e5a17',extremes,Flood,#030ba1,random,plotselinge overstroming,2026-09-03T07:20:00+00:00,,0.3582725106576893,2,1,nl,,
'a22e073273',extremes,Storm,#b3b2b1,wmo,stormvloed Zeeland,2026-09-04T07:23:00+00:00,Netherlands,0.3576024787655202,3,1,nl,NEU,Europe
'10f476720b',extremes,Insect Infestation,#d60d2b,random,sprinkhaan,2026-09-02T07:16:00+00:00,,0.3558140787549654,2,2,nl,,
'0a98fdd376',extremes,Snow Avalanche,#deddd5,random,lawine,2026-09-10T07:28:00+00:00,,0.3411637382518203,2,1,nl,,
'8b4587c763',extremes,Storm,#b3b2b1,random,stofstorm,2026-09-05T07:04:00+00:00,,0.33625111516512807,3,1,nl,,
'3270c6910f',extremes,Earthquake,#870007,usgs,aardbeving maba,2026-09-03T07:20:00+00:00,Indonesia,0.334835806647555,2,1,nl,SEA,Asia
'ecc073b974',extremes,Earthquake,#870007,usgs,aardbeving cilacap,2026-09-06T07:16:00+00:00,Indonesia,0.330908199288649,2,1,nl,SEA,Asia
'8f777edd5c',extremes,Earthquake,#870007,usgs,aardbeving sibolga,2026-09-08T07:23:00+00:00,Indonesia,0.3221699084767772,2,1,nl,SEA,Asia
'b24c0517bf',extremes,Cold Wave,#a7e9fa,random,kwikdaling,2026-09-07T07:29:00+00:00,,0.3167372852373631,2,1,nl,,
'b1d56de062',extremes,Snow&Ice,#d60d2b,random,rijp,2026-09-10T07:28:00+00:00,,0.3093615200190985,2,1,nl,,
'b073fed5b4',extremes,Snow&Ice,#d60d2b,random,vorst,2026-08-31T08:51:00+00:00,,0.3074008523646803,2,2,nl,,
'c4f1f0cbf9',extremes,Iceberg,#d60d2b,random,ijsberg arctis,2026-09-08T07:23:00+00:00,,0.2842113999942395,2,1,nl,,
'a652c78afc',extremes,Drought,#edc291,random,megadroogte,2026-09-03T07:20:00+00:00,,0.2735856317461354,2,1,nl,,
'9cf7521bff',extremes,Earthquake,#870007,usgs,aardbeving sinabang,2026-09-07T07:29:00+00:00,Indonesia,0.2730884149015418,2,1,nl,SEA,Asia
'1d33bbdbbe',extremes,Snow&Ice,#d60d2b,random,opwaaiende sneeuw,2026-09-06T07:16:00+00:00,,0.2724054531235918,2,1,nl,,
'8d4e6fcc3e',extremes,Snow&Ice,#d60d2b,random,sneeuwbui,2026-09-09T07:32:00+00:00,,0.2628718025815535,2,1,nl,,
'ccefefc59e',extremes,Drought,#edc291,random,plotselinge droogte,2026-09-08T07:23:00+00:00,,0.2289062890527305,2,1,nl,,
