,phrase,label,sentiment,subjectivity,language,count
Netherlands,,,,,,
Limburg,,,,,,
France,,,,,,
Europe,,,,,,
Spain,,,,,,
Belgium,,,,,,
US,,,,,,
the United States,,,,,,
Portugal,,,,,,
Venezuela,,,,,,
Alps,,,,,,
Indonesia,,,,,,
Japan,,,,,,
Paris,,,,,,
California,,,,,,
Brussels,,,,,,
Flanders,,,,,,
Philippines,,,,,,
China,,,,,,
New Zealand,,,,,,
Italy,,,,,,
Poland,,,,,,
Greece,,,,,,
New York,,,,,,
Rhine,,,,,,
Nepal,,,,,,
Austria,,,,,,
Antwerp,,,,,,
Western Europe,,,,,,
Groningen,,,,,,
Ukraine,,,,,,
Morocco,,,,,,
Germany,,,,,,
South Africa,,,,,,
Iran,,,,,,
United States,,,,,,
Sicily,,,,,,
Brazil,,,,,,
Ardennes,,,,,,
Antarctica,,,,,,
Niscemi,,,,,,
Switzerland,,,,,,
Victoria,,,,,,
Mechelen,,,,,,
Drenthe,,,,,,
Sweden,,,,,,
Colombia,,,,,,
Asia,,,,,,
Australia,,,,,,
Southern Europe,,,,,,
Amsterdam,,,,,,
Sumatra,,,,,,
Haspengouw,,,,,,
Hasselt,,,,,,
Wallonia,,,,,,
New York City,,,,,,
South Sudan,,,,,,
Ghent,,,,,,
Oklahoma,,,,,,
Genk,,,,,,
Finland,,,,,,
Israel,,,,,,
Gelderland,,,,,,
Russia,,,,,,
Schiphol,,,,,,
Savoie,,,,,,
Canada,,,,,,
Earth,,,,,,
Halmahera,,,,,,
Rotterdam,,,,,,
Moldova,,,,,,
Twente,,,,,,
Mexico,,,,,,
Texas,,,,,,
Andalusia,,,,,,
The Hague,,,,,,
La Plagne,,,,,,
West Flanders,,,,,,
North Holland,,,,,,
Chile,,,,,,
The United States,,,,,,
Scandinavia,,,,,,
Arctic,,,,,,
Brabant,,,,,,
Tunisia,,,,,,
the United Kingdom,,,,,,
Leuven,,,,,,
Norway,,,,,,
Friesland,,,,,,
Argentina,,,,,,
Gaza,,,,,,
Monterrey,,,,,,
Palestine,,,,,,
Washington D.C.,,,,,,
Lake Michigan,,,,,,
Guatemala,,,,,,
Liège,,,,,,
Central America,,,,,,
North Island,,,,,,
Curaçao,,,,,,
New Zealand's,,,,,,
Taiwan,,,,,,
Kleine-Brogel,,,,,,
Paraguay,,,,,,
Salzburg,,,,,,
Africa,,,,,,
Hawaii,,,,,,
Oregon,,,,,,
Lyon,,,,,,
Tielt-Winge,,,,,,
Jakarta,,,,,,
earth,,,,,,
Dukono,,,,,,
North,,,,,,
Mozambique,,,,,,
Danube,,,,,,
Lisbon,,,,,,
Boston,,,,,,
Hageland,,,,,,
the North Island,,,,,,
Patagonia,,,,,,
North Korea's,,,,,,
Eemshaven,,,,,,
Kathmandu,,,,,,
the Ahr valley,,,,,,
Central,,,,,,
Hungary,,,,,,
Athens,,,,,,
Courchevel,,,,,,
East Flanders,,,,,,
French Alps,,,,,,
Essen,,,,,,
Stokkem,,,,,,
Maastricht,,,,,,
Pyrénées-Orientales,,,,,,
Kinrooi,,,,,,
North Sulawesi,,,,,,
Baculin,,,,,,
Zeeland,,,,,,
Los Angeles,,,,,,
Kiev,,,,,,
Stekene,,,,,,
Dubai,,,,,,
Paros,,,,,,
Milan,,,,,,
Delhi,,,,,,
Venray,,,,,,
the Moluccan Sea,,,,,,
Westland,,,,,,
Zaventem,,,,,,
Kyiv,,,,,,
Fukushima,,,,,,
Moldovan,,,,,,
Koersel,,,,,,
Ecuador,,,,,,
Greenland,,,,,,
Venice Biennale,,,,,,
Walloon,,,,,,
Eindhoven,,,,,,
Gulf,,,,,,
West Bank,,,,,,
Tilburg,,,,,,
Copernicus Sentinel-2,,,,,,
the South Atlantic Ocean,,,,,,
Jupiter,,,,,,
the West Bank,,,,,,
Denmark,,,,,,
Bergen,,,,,,
Oudberg,,,,,,
Utrecht,,,,,,
Bonaire,,,,,,
Marbella,,,,,,
Lobith,,,,,,
Braine-l'Alleud,,,,,,
Caribbean,,,,,,
Mediterranean,,,,,,
Techniek Nederland,,,,,,
the Northern Sea Route,,,,,,
Áncash,,,,,,
Zilverbergstraat,,,,,,
Lanaken,,,,,,
Sint-Truiden,,,,,,
Mindanao,,,,,,
Hollywood,,,,,,
Toronto,,,,,,
Arnhem,,,,,,
the Belgian North Sea,,,,,,
Andes,,,,,,
Tapanuli,,,,,,
Zutendaal,,,,,,
glacial lake,,,,,,
the Pacific Ocean,,,,,,
Rhineland,,,,,,
Lima,,,,,,
Eisden,,,,,,
Biennale,,,,,,
Bordeaux,,,,,,
Mount Etna,,,,,,
Almere,,,,,,
Mexico City,,,,,,
North Korea,,,,,,
the Big Island,,,,,,
Zilvermeercross,,,,,,
West Limburg,,,,,,
Lublin,,,,,,
Fenglin,,,,,,
Herent,,,,,,
Delima,,,,,,
the West Flemish Cup,,,,,,
Bundesliga,,,,,,
Bavaria,,,,,,
the adjacent lake,,,,,,
Cannes,,,,,,
Alpine,,,,,,
Eisden-Tuinwijk,,,,,,
St. Barbara's,,,,,,
High Fens,,,,,,
the Forest Park,,,,,,
New APKWS,,,,,,
the Wadden Sea,,,,,,
London,,,,,,
Kathimerini,,,,,,
Peru,,,,,,
Brabantse Delta,,,,,,
Aceh,,,,,,
Zhejiang,,,,,,
South Holland,,,,,,
Düsseldorf,,,,,,
Temse,,,,,,
Iceland,,,,,,
De Warmste,,,,,,
Rijkswaterstaat,,,,,,
Vesder river,,,,,,
West Brabant,,,,,,
Basel,,,,,,
South Limburg,,,,,,
Bocholt,,,,,,
the North Sea,,,,,,
Wilnis,,,,,,
Martigues,,,,,,
South America,,,,,,
Bourla,,,,,,
Rio de Janeiro,,,,,,
Lower Belgium,,,,,,
Trinidad,,,,,,
Guadalajara,,,,,,
the Geul Valley,,,,,,
Almeria,,,,,,
Kansas City,,,,,,
Chinooks,,,,,,
Begijnenstraat,,,,,,
East,,,,,,
Mallorca,,,,,,
North Brabant,,,,,,
Niels,,,,,,
Northern Europe,,,,,,
Lapland,,,,,,
Nijmegen,,,,,,
Monaco,,,,,,
Vardousia,,,,,,
Ankara,,,,,,
Los Gallardos,,,,,,
Pacific Ocean,,,,,,
Guam,,,,,,
Mariana Islands,,,,,,
Americas,,,,,,
Perpignan,,,,,,
Costa Brava,,,,,,
Halen,,,,,,
Dutch Limburg,,,,,,
Meuse river,,,,,,
Bélar,,,,,,
Gdansk,,,,,,
Aomori Prefecture,,,,,,
Europa,,,,,,
Melbourne,,,,,,
Sint-Niklaas,,,,,,
De Ster,,,,,,
Longwood,,,,,,
Lidl Netherlands,,,,,,
Beringen,,,,,,
Lombardsijde,,,,,,
Kansas,,,,,,
West Bandung,,,,,,
West Java Province,,,,,,
Nieuwpoort,,,,,,
Het Geleed,,,,,,
Cebu,,,,,,
Queensland,,,,,,
the Atlantic Ocean,,,,,,
Tessenderlo-Ham,,,,,,
Sin City',,,,,,
Moscow,,,,,,
Hertoginstraat,,,,,,
Turnhout,,,,,,
Bruges,,,,,,
the Stekense Vaart,,,,,,
Rand,,,,,,
Balthasar,,,,,,
Santa Marta,,,,,,
Western Attica,,,,,,
Ronda,,,,,,
Sardinia,,,,,,
Belarus,,,,,,
Deurne,,,,,,
Kashiwazaki-Kariwa,,,,,,
South,,,,,,
Chamoson,,,,,,
Benidorm,,,,,,
Zimbabwe,,,,,,
Horse City,,,,,,
Excelsior Vorst,,,,,,
Friedrichshafen,,,,,,
Muizen,,,,,,
auroras,,,,,,
Grand Rapids,,,,,,
Michigan,,,,,,
Pelt,,,,,,
Planckendael,,,,,,
Democratic Republic of Congo,,,,,,
Oudenburg,,,,,,
Congo,,,,,,
the Netherlands,,,,,,
Vallorcine,,,,,,
Kortrijk,,,,,,
the Aegean Sea,,,,,,
Tepco,,,,,,
Olympian,,,,,,
Northern Ireland,,,,,,
derby,,,,,,
Walhain,,,,,,
Temptation Island',,,,,,
Wetteren,,,,,,
Enid,,,,,,
Scotland,,,,,,
​​ice,,,,,,
Réunion,,,,,,
Bissegem,,,,,,
Europ,,,,,,
Western Australia,,,,,,
Haaland,,,,,,
Magyar,,,,,,
Brugge,,,,,,
Central Europe,,,,,,
Pepinster,,,,,,
Leie,,,,,,
San Francisco,,,,,,
Natuurmonumenten,,,,,,
Leiria,,,,,,
Anderlecht,,,,,,
the Czech Republic,,,,,,
Slovakia,,,,,,
Zillebeke,,,,,,
Dikkebus,,,,,,
New Zealand + Amusement park,,,,,,
the Middle East,,,,,,
Saudi Arabia,,,,,,
Syria,,,,,,
Giethoorn,,,,,,
Deinze,,,,,,
Flemish Brabant,,,,,,
Uccle,,,,,,
Club Brugge,,,,,,
Beijing,,,,,,
Catshuis,,,,,,
Tétouan,,,,,,
Grazalema,,,,,,
Luxembourg,,,,,,
Cornwall,,,,,,
the Darién jungle,,,,,,
Panama,,,,,,
Juno,,,,,,
Nevada County Sheriff,,,,,,
Dutch AI,,,,,,
Iraq,,,,,,
Tyrol,,,,,,
Vorarlberg,,,,,,
Bethlehem,,,,,,
Wellen,,,,,,
Maryland,,,,,,
Maine,,,,,,
Providence,,,,,,
America,,,,,,
Château of Jemeppe,,,,,,
Balkans,,,,,,
Schiedam,,,,,,
Nazareth,,,,,,
North Sea String Quartet,,,,,,
Tehran,,,,,,
Maasgouw,,,,,,
Anak Krakatau,,,,,,
